{
    "Naive Bayes": {
        "base": {
            "accuracy": 0.5169270833333334,
            "precision": 0.5225531129240981,
            "recall": 0.517339057056026,
            "f1_macro": 0.5099635279129603
        },
        "tuned": {
            "accuracy": 0.5169270833333334,
            "precision": 0.5225531129240981,
            "recall": 0.517339057056026,
            "f1_macro": 0.5099635279129603
        },
        "best_params": {
            "var_smoothing": 1e-09
        }
    },
    "k-NN": {
        "base": {
            "accuracy": 0.6295572916666666,
            "precision": 0.6279599158670407,
            "recall": 0.6298937650205997,
            "f1_macro": 0.6246131891910203
        },
        "tuned": {
            "accuracy": 0.6673177083333334,
            "precision": 0.6662637600381833,
            "recall": 0.6675096680209048,
            "f1_macro": 0.6663898350330125
        },
        "best_params": {
            "metric": "manhattan",
            "n_neighbors": 5,
            "weights": "distance"
        }
    },
    "MLP Classifier": {
        "base": {
            "accuracy": 0.6822916666666666,
            "precision": 0.6776773857734986,
            "recall": 0.6825243369478141,
            "f1_macro": 0.6786916322487605
        },
        "tuned": {
            "accuracy": 0.6920572916666666,
            "precision": 0.6875213401621852,
            "recall": 0.6922976808670939,
            "f1_macro": 0.6879725564805727
        },
        "best_params": {
            "alpha": 0.001,
            "hidden_layer_sizes": [
                100
            ],
            "learning_rate_init": 0.001
        }
    },
    "Bagging MLP": {
        "base": {
            "accuracy": 0.6783854166666666,
            "precision": 0.6765803216386147,
            "recall": 0.6785902014826682,
            "f1_macro": 0.6771060627623396
        },
        "tuned": {
            "accuracy": 0.6803385416666666,
            "precision": 0.6773365264257377,
            "recall": 0.6805738445264616,
            "f1_macro": 0.6781956353384926
        },
        "best_params": {
            "max_features": 1.0,
            "max_samples": 0.9,
            "n_estimators": 10
        }
    }
}