{
    "MLP Regressor": {
        "base": {
            "mae": 811.6056255713269,
            "rmse": 1153.666641624028,
            "r2": 0.6739642317938359
        },
        "tuned": {
            "mae": 767.9534085523246,
            "rmse": 1088.25595345845,
            "r2": 0.7098873402522798
        },
        "best_params": {
            "alpha": 0.0001,
            "hidden_layer_sizes": [
                50,
                50
            ],
            "learning_rate_init": 0.001
        }
    },
    "Random Forest Regressor": {
        "base": {
            "mae": 610.8778517619097,
            "rmse": 892.7135951306485,
            "r2": 0.8047779474272615
        },
        "tuned": {
            "mae": 610.0070373080546,
            "rmse": 893.0795605425945,
            "r2": 0.8046178531629427
        },
        "best_params": {
            "max_depth": null,
            "min_samples_split": 2,
            "n_estimators": 200
        }
    },
    "XGBoost Regressor": {
        "base": {
            "mae": 664.2918091502597,
            "rmse": 960.2501278533144,
            "r2": 0.7741223167962432
        },
        "tuned": {
            "mae": 626.045658637848,
            "rmse": 915.9206267141265,
            "r2": 0.794496010993232
        },
        "best_params": {
            "learning_rate": 0.05,
            "max_depth": 8,
            "n_estimators": 200
        }
    }
}