{
    "MLP Regressor": {
        "base": {
            "mae": 931.8093062004466,
            "rmse": 1341.0288954260825,
            "r2": 0.5844435014484706
        },
        "tuned": {
            "mae": 812.9141306968074,
            "rmse": 1223.525738732381,
            "r2": 0.6540765318984065
        },
        "best_params": {
            "alpha": 0.001,
            "hidden_layer_sizes": [
                50,
                50
            ],
            "learning_rate_init": 0.001
        }
    },
    "Random Forest Regressor": {
        "base": {
            "mae": 670.8473236804774,
            "rmse": 1024.1988292864276,
            "r2": 0.7576057257528387
        },
        "tuned": {
            "mae": 669.2308688234249,
            "rmse": 1024.7899995020484,
            "r2": 0.7573258237909073
        },
        "best_params": {
            "max_depth": 20,
            "min_samples_split": 2,
            "n_estimators": 200
        }
    },
    "XGBoost Regressor": {
        "base": {
            "mae": 722.3389439177512,
            "rmse": 1092.208267250516,
            "r2": 0.7243457290661067
        },
        "tuned": {
            "mae": 693.7357183869435,
            "rmse": 1050.6610522423978,
            "r2": 0.7449184346561404
        },
        "best_params": {
            "learning_rate": 0.1,
            "max_depth": 8,
            "n_estimators": 100
        }
    }
}